fecha,activo,senal,probabilidad,entrada,stop,tp1,tp2,tp3,rr
2026-09-18 14:48:38.801787,BTC-USD,LONG,MUY ALTA,81293.140625,73791.82185115866,88794.45939884134,92545.11878576201,100046.43755960335,2.5
2026-09-18 14:57:00.904697,BTC-USD,LONG,MUY ALTA,81200.953125,73789.53362571224,88612.37262428776,92318.08237393164,99729.5018732194,2.5
2026-09-18 15:05:28.815132,BTC-USD,LONG,MUY ALTA,81198.953125,73789.53362571224,88608.37262428776,92313.08237393164,99722.5018732194,2.5
2026-09-18 15:07:39.883337,QQQ,LONG,MUY ALTA,721.4500122070312,700.0169911194016,721.8900146484375,753.5995438384757,775.0325649261054,2.5
2026-09-18 15:11:52.300291,SPY,SHORT,MUY ALTA,761.5399780273438,756.1774981829824,774.030029296875,769.5836977938858,774.9461776382471,2.5
2026-09-18 15:24:07.114869,BTC-USD,LONG,MUY ALTA,81122.0078125,73789.53362571224,88454.48199928776,92120.71909268164,99453.1932794694,2.5
2026-09-18 15:24:11.039370,ETH-USD,LONG,ALTA,2635.56005859375,2306.8008393599357,2663.05029296875,3128.6988874444714,3457.4581066782857,2.5
2026-09-18 15:24:15.178061,SOL-USD,LONG,EXTREMA,113.77999877929688,96.22277287394326,131.3372246846505,140.1158376373273,157.67306354268092,2.5
2026-09-18 15:24:18.962076,SPY,SHORT,BAJA,761.6900024414062,756.1774981829858,774.030029296875,769.9587588290369,775.4712630874574,2.5
2026-09-18 15:24:22.121004,QQQ,LONG,MEDIA,721.4500122070312,700.0169911194969,721.8900146484375,753.5995438383328,775.0325649258672,2.5
2026-09-18 15:24:26.032473,BTC-USD,LONG,MUY ALTA,81060.2578125,73789.53362571224,88330.98199928776,91966.34409268164,99237.0682794694,2.5
2026-09-18 15:24:28.491234,ETH-USD,LONG,ALTA,2631.64990234375,2306.8008393599357,2663.05029296875,3118.9234968194714,3443.7725598032857,2.5
2026-09-18 15:24:31.247518,SOL-USD,LONG,EXTREMA,113.55000305175781,96.22277287394326,130.87723322957237,139.54084831847965,156.8680784962942,2.5
2026-09-18 15:24:33.417847,SPY,SHORT,BAJA,761.6900024414062,756.1774981826618,774.030029296875,769.9587588295229,775.4712630882674,2.5
2026-09-18 15:24:35.647603,QQQ,LONG,MEDIA,721.4500122070312,700.0169911194012,721.8900146484375,753.5995438384764,775.0325649261065,2.5
2026-09-18 15:29:38.300849,BTC-USD,LONG,MUY ALTA,80992.79,74944.59,87040.98,93089.18,96113.28,2.5
2026-09-18 15:29:42.213713,ETH-USD,LONG,ALTA,2628.07,2357.96,2898.18,3168.29,3303.35,2.5
2026-09-18 15:29:45.898850,SOL-USD,LONG,EXTREMA,113.5,98.63,128.37,143.25,150.69,2.5
2026-09-18 15:29:48.734897,SPY,SHORT,BAJA,761.69,774.03,749.35,737.01,730.84,2.5
2026-09-18 15:29:51.321885,QQQ,LONG,MEDIA,721.45,704.66,738.24,755.03,763.43,2.5
2026-09-18 15:40:24.952787,BTC-USD,LONG,MUY ALTA,80986.52,74944.59,87028.45,93070.38,96091.35,2.5
2026-09-18 15:40:35.819875,ETH-USD,LONG,ALTA,2628.54,2357.96,2899.12,3169.7,3304.99,2.5
2026-09-18 15:40:39.749991,SOL-USD,LONG,EXTREMA,113.33,98.63,128.03,142.74,150.09,2.5
2026-09-18 15:40:47.255334,SPY,SHORT,BAJA,761.69,774.03,749.35,737.01,730.84,2.5
2026-09-18 15:40:50.211419,QQQ,LONG,MEDIA,721.45,704.66,738.24,755.03,763.43,2.5
2026-09-18 16:00:18.136330,BTC-USD,LONG,MUY ALTA,81095.0,74944.59,87245.41,93395.81,96471.02,2.5
2026-09-18 16:00:21.871198,ETH-USD,LONG,ALTA,2631.54,2357.96,2905.12,3178.7,3315.49,2.5
2026-09-18 16:00:25.017357,SOL-USD,LONG,EXTREMA,113.51,98.63,128.39,143.28,150.72,2.5
2026-09-18 16:00:28.267306,SPY,SHORT,BAJA,761.69,774.03,749.35,737.01,730.84,2.5
2026-09-18 16:04:35.947106,BTC-USD,LONG,MUY ALTA,81159.92,74944.59,87375.25,93590.58,96698.24,2.5
2026-09-18 16:04:38.667396,ETH-USD,LONG,ALTA,2634.65,2357.96,2911.34,3188.03,3326.38,2.5
2026-09-18 16:04:41.314598,SOL-USD,LONG,EXTREMA,113.56,98.63,128.49,143.43,150.9,2.5
2026-09-18 16:04:43.876159,SPY,SHORT,BAJA,761.69,774.03,749.35,737.01,730.84,2.5
2026-09-18 16:04:46.538556,QQQ,LONG,MEDIA,721.45,704.66,738.24,755.03,763.43,2.5
2026-09-18 17:07:46.489795,BTC-USD,LONG,MUY ALTA,81241.4,74944.59,87538.2,93835.01,96983.41,2.5
2026-09-18 17:07:49.271480,ETH-USD,LONG,ALTA,2629.62,2357.96,2901.28,3172.94,3308.77,2.5
2026-09-18 17:07:51.970351,SOL-USD,LONG,EXTREMA,113.27,98.63,127.91,142.56,149.88,2.5
2026-09-18 17:07:54.419738,SPY,SHORT,BAJA,761.69,774.03,749.35,737.01,730.84,2.5
2026-09-18 17:07:56.625952,QQQ,LONG,MEDIA,721.45,704.66,738.24,755.03,763.43,2.5
2026-09-18 17:11:19.919191,BTC-USD,LONG,MUY ALTA,81337.99,74944.59,87731.39,94124.79,97321.49,2.5
2026-09-18 17:11:23.302374,ETH-USD,LONG,ALTA,2631.97,2357.96,2905.98,3179.99,3317.0,2.5
2026-09-18 17:11:26.743371,SOL-USD,LONG,EXTREMA,113.45,98.63,128.27,143.1,150.51,2.5
2026-09-18 17:11:29.558283,SPY,SHORT,BAJA,761.69,774.03,749.35,737.01,730.84,2.5
2026-09-18 17:11:32.497315,QQQ,LONG,MEDIA,721.45,704.66,738.24,755.03,763.43,2.5
2026-09-18 17:15:02.686768,SPY,SHORT,BAJA,761.69,774.03,749.35,737.01,730.84,2.5
2026-09-18 17:15:36.000801,SPY,SHORT,BAJA,761.69,774.03,749.35,737.01,730.84,2.5
2026-09-18 17:20:38.960750,SPY,SHORT,BAJA,761.69,774.03,749.35,737.01,730.84,2.5
2026-09-18 17:20:44.965723,BTC-USD,LONG,MUY ALTA,81293.8,74944.59,87643.0,93992.2,97166.8,2.5
2026-09-18 17:20:48.428263,ETH-USD,LONG,ALTA,2631.05,2357.96,2904.14,3177.23,3313.78,2.5
2026-09-18 17:20:52.485827,SOL-USD,LONG,EXTREMA,113.38,98.63,128.13,142.89,150.27,2.5
2026-09-18 17:20:54.994902,SPY,SHORT,BAJA,761.69,774.03,749.35,737.01,730.84,2.5
2026-09-18 17:20:57.992487,QQQ,LONG,MEDIA,721.45,704.66,738.24,755.03,763.43,2.5
2026-09-18 17:23:02.819387,SPY,SHORT,BAJA,761.69,774.03,749.35,737.01,730.84,2.5
